CSFFCardDetailTooltip.BlueprintResultWeight,,蓝图结果重量
CSFFCardDetailTooltip.EquippedReduction,,装备减重
CSFFCardDetailTooltip.InventoryWeight,,内容物重量
CSFFCardDetailTooltip.Capacity,,容量
CSFFCardDetailTooltip.WeightReduction,,减重
CSFFCardDetailTooltip.Reduction,,减成
CSFFCardDetailTooltip.Base,,基础值
CSFFCardDetailTooltip.Spoilage,,变质
CSFFCardDetailTooltip.Usage,,用量
CSFFCardDetailTooltip.Fuel,,燃料
CSFFCardDetailTooltip.Progress,,进度
CSFFCardDetailTooltip.Cooking,,烹饪
CSFFCardDetailTooltip.Equipped,,已装备
CSFFCardDetailTooltip.Stat.Base,,基础值
CSFFCardDetailTooltip.Stat.ActionStaleness,,重复动作减益
CSFFCardDetailTooltip.Stat.Time,,时间
CSFFCardDetailTooltip.Action.Weight,,权重
CSFFCardDetailTooltip.Action.Base,,基础值
CSFFCardDetailTooltip.FormatWeight.Weight,,重量
CSFFCardDetailTooltip.est.,,剩余
CSFFCardDetailTooltip.Rate,,速率
CSFFCardDetailTooltip.Recipe,,菜谱
CSFFCardDetailTooltip.Producing,,产生
CSFFCardDetailTooltip.d,,天
CSFFCardDetailTooltip.h,,时
CSFFCardDetailTooltip.LiquidQuantityChange,,液体量
CSFFCardDetailTooltip.StatModifier,,状态修正
CSFFCardDetailTooltip.TimeCostModifiers,,时间消耗影响
CSFFCardDetailTooltip.NoNameModifier,,未命名修正
CSFFCardDetailTooltip.CardStateChange,,卡牌状态变更
CSFFCardDetailTooltip.Action.CardDrops,,卡牌掉落
CSFFCardDetailTooltip.TransformInto,,转变为
CSFFCardDetailTooltip.Destroy,,销毁
CSFFCardDetailTooltip.ModifyLiquid,Modify Liquid,修改液体
CSFFCardDetailTooltip.Action.LiquidDrops,,液体掉落
CSFFCardDetailTooltip.GivenCardStateChange,,发起方卡牌状态变更
CSFFCardDetailTooltip.Action.ExplorationDropsCount,Exploration Drops Count,探索掉落数量
CSFFCardDetailTooltip.Action.CurrentExploration,Current Exploration,当前探索
CSFFCardDetailTooltip.Action.ExplorationValue,Explored,探索值
CSFFCardDetailTooltip.statOnFullTitle,On Full,在为满时
CSFFCardDetailTooltip.statOnZeroTitle,On Zero,在为空时
CSFFCardDetailTooltip.WeaponStats,Weapon Stats,武器属性
CSFFCardDetailTooltip.WeaponStats.Clash,Clash,攻击力
CSFFCardDetailTooltip.WeaponStats.Damage,Damage,伤害
CSFFCardDetailTooltip.WeaponStats.Reach,Reach,距离
CSFFCardDetailTooltip.Encounter.PlayerActionPreviewTitle,Action Preview,行动预览
CSFFCardDetailTooltip.Encounter.ClashRatio,Clash Ratio,战力比
CSFFCardDetailTooltip.Encounter.PlayerSuccessChance,Player Success Chance,玩家行动成功率
CSFFCardDetailTooltip.Encounter.EnemySuccessChance,Enemy Success Chance,敌人行动成功率
CSFFCardDetailTooltip.Encounter.Damage,Damage,伤害力
CSFFCardDetailTooltip.Encounter.DamageStatSum,Stats Damage Bonus,状态伤害加成
CSFFCardDetailTooltip.Encounter.MeleeSizeDamage,Melee Damage Size Bonus,近战体型伤害加成
CSFFCardDetailTooltip.Encounter.DamageTypes,Damage Types,伤害类型
CSFFCardDetailTooltip.Encounter.ProbableHitBodyParts,Likely to Hit,可能命中
CSFFCardDetailTooltip.Encounter.DistanceChange,Distance Change,距离变化
CSFFCardDetailTooltip.Encounter.CurrentEnemyStats,Current Enemy Stats,当前敌人状态
CSFFCardDetailTooltip.BodyParts.Head,Head,头部
CSFFCardDetailTooltip.BodyParts.Torso,Torso,躯干
CSFFCardDetailTooltip.BodyParts.LArm,Left Arm,左臂
CSFFCardDetailTooltip.BodyParts.RArm,Right Arm,右臂
CSFFCardDetailTooltip.BodyParts.LLeg,Left Leg,左腿
CSFFCardDetailTooltip.BodyParts.RLeg,Right Leg,右腿
CSFFCardDetailTooltip.Encounter.ActionPreview,Action Preview,行动预览
CSFFCardDetailTooltip.Encounter.PlayerAction,Player Action,玩家行动
CSFFCardDetailTooltip.Encounter.PowerComparison,Power Comparison,战力比
CSFFCardDetailTooltip.Encounter.PlayerAttackHitRate,Player Attack Hit Rate,玩家攻击击中率
CSFFCardDetailTooltip.Encounter.EnemyAttackHitRate,Enemy Attack Hit Rate,敌人攻击命中率
CSFFCardDetailTooltip.Encounter.GuaranteedHit,Guaranteed Hit,必定命中
CSFFCardDetailTooltip.Encounter.DamagePower,Damage Power,伤害力
CSFFCardDetailTooltip.Encounter.StatusDamageBonus,Status Damage Bonus,状态伤害加成
CSFFCardDetailTooltip.Encounter.MeleeSizeDamageBonus,Melee Size Damage Bonus,近战体型伤害加成
CSFFCardDetailTooltip.Encounter.DamageType,Damage Type,伤害类型
CSFFCardDetailTooltip.Encounter.HitableParts,Hit-able Parts,可命中部位
CSFFCardDetailTooltip.Encounter.CurrentEnemyStatus,Current Enemy Status,当前敌人状态
CSFFCardDetailTooltip.Encounter.Health,Health,血量
CSFFCardDetailTooltip.Encounter.Courage,Courage,勇气
CSFFCardDetailTooltip.Encounter.Stamina,Stamina,耐力
CSFFCardDetailTooltip.Encounter.MeleeSkill,Melee Skill,近战技能
CSFFCardDetailTooltip.Encounter.RangedSkill,Ranged Skill,远程技能
CSFFCardDetailTooltip.Encounter.Stealth,Stealth,潜行
CSFFCardDetailTooltip.Encounter.PowerDetailedData,Power Details,战力详细数据
CSFFCardDetailTooltip.Encounter.Unchanged,Unchanged,不变
CSFFCardDetailTooltip.Encounter.MoveAway,Move Away,远离
CSFFCardDetailTooltip.Encounter.MoveCloser,Move Closer,靠近
CSFFCardDetailTooltip.Encounter.TotalDefense,Total Defense,总防御
CSFFCardDetailTooltip.Encounter.LethalityProbabilityOfThisAttack,Fatality Probability,本次攻击致命概率
CSFFCardDetailTooltip.Encounter.BaseValue,Base Value,基础值
CSFFCardDetailTooltip.Encounter.SizeBonus,Size Bonus,体型加成
CSFFCardDetailTooltip.Encounter.WeaponLengthBonus,Weapon Length Bonus,武器长度加成
CSFFCardDetailTooltip.Encounter.StatusBonus,Status Bonus,状态加成
CSFFCardDetailTooltip.Encounter.StealthBonus,Stealth Bonus,潜行加成
CSFFCardDetailTooltip.Encounter.IneffectiveRangeMalus,Ineffective Range Malus,无效范围减成
CSFFCardDetailTooltip.Encounter.EnemySizeMalus,Enemy Size Malus,敌人体型减成
CSFFCardDetailTooltip.Encounter.InaccuracyMalus,Inaccuracy Malus,不精确度减成
CSFFCardDetailTooltip.Encounter.EnemyCoverMalus,Enemy Cover Malus,敌人掩体减成
CSFFCardDetailTooltip.Encounter.AttackDefenseRatio,Attack-Defense Ratio,攻防比
CSFFCardDetailTooltip.Encounter.PlayerHitRate,Player Hit Rate,玩家命中率
CSFFCardDetailTooltip.Encounter.BasicDamagePower,Basic Damage Power,基础伤害力
CSFFCardDetailTooltip.Encounter.NoChange,No Change,不变
CSFFCardDetailTooltip.Encounter.IncreaseDistance,Increase Distance,远离
CSFFCardDetailTooltip.Encounter.DecreaseDistance,Decrease Distance,靠近
CSFFCardDetailTooltip.Encounter.DamageThisRound,This Round's Damage,本轮伤害
CSFFCardDetailTooltip.Encounter.Minor,Minor,轻微
CSFFCardDetailTooltip.Encounter.Medium,Medium,中等
CSFFCardDetailTooltip.Encounter.Serious,Serious,沉重
CSFFCardDetailTooltip.AdditionalDurabilityChanges,Additional durability changes,额外耐久变化
CSFFCardDetailTooltip.FinalDuration,Final duration,最终耗时
CSFFCardDetailTooltip.Minimum,Minimum,下限
CSFFCardDetailTooltip.Maximum,Maximum,上限
CSFFCardDetailTooltip.DuringAction,During this action only,仅在行动期间生效
CSFFCardDetailTooltip.PerTick,Per action tick,每个行动时间单位
CSFFCardDetailTooltip.AssociatedNPC,Associated NPC,关联角色
CSFFCardDetailTooltip.WithoutAmmo,Before ammunition bonuses,未计入弹药加成
CSFFCardDetailTooltip.BeforeTargetBonuses,Current condition and skills; before target and encounter bonuses,当前状态和技能数值（未计入目标及遭遇战加成）
CSFFCardDetailTooltip.DirectWoundFatality,Direct wound fatality on hit,命中后由伤口直接失血致死的概率
CSFFCardDetailTooltip.RecipeAverage,Recipe (average per tick),配方（每时间单位平均值）
CSFFCardDetailTooltip.NoAttack,Does not deal attack damage,不造成攻击伤害
CSFFCardDetailTooltip.Encounter.EstimatedSuccess,Native success estimate,游戏原生成功率估计
CSFFCardDetailTooltip.Encounter.EstimatedEnemyHit,Native enemy hit estimate,游戏原生敌人命中率估计
CSFFCardDetailTooltip.Encounter.IncomingAverage,Incoming wounds at average damage/defense (if hit):,受到命中时的伤口（按平均攻防计算）：
CSFFCardDetailTooltip.Encounter.IncomingBaseline,Current enemy attack at average damage/defense (before escape bonuses):,当前敌人攻击（平均攻防；未计入逃跑加成）：
CSFFCardDetailTooltip.Encounter.Always,Always,总是
CSFFCardDetailTooltip.Encounter.OnlyOnHit,On hit,命中时
CSFFCardDetailTooltip.Encounter.OnlyOnMiss,On miss,未命中时
CSFFCardDetailTooltip.Encounter.OnlyOnHitAndWound,On wounding hit,命中并造成伤口时
CSFFCardDetailTooltip.Encounter.ActionStats,Action stat changes,行动属性变化
CSFFCardDetailTooltip.Encounter.EnemyValues,Enemy values,敌人属性变化
CSFFCardDetailTooltip.Encounter.StartWrestling,Start wrestling,开始缠斗
CSFFCardDetailTooltip.Encounter.StopWrestling,Stop wrestling,结束缠斗
CSFFCardDetailTooltip.Encounter.PlayerVulnerable,Make player vulnerable,使玩家暴露破绽
CSFFCardDetailTooltip.Encounter.EnemyVulnerable,Make enemy vulnerable,使敌人暴露破绽
CSFFCardDetailTooltip.Encounter.Melee,Melee skill,近战能力
CSFFCardDetailTooltip.Encounter.Ranged,Ranged skill,远程能力
CSFFCardDetailTooltip.Encounter.Blood,Blood,血量
CSFFCardDetailTooltip.Encounter.Morale,Morale,士气
CSFFCardDetailTooltip.Encounter.Value1,Value 1,自定义属性1
CSFFCardDetailTooltip.Encounter.Value2,Value 2,自定义属性2
CSFFCardDetailTooltip.Encounter.Value3,Value 3,自定义属性3
CSFFCardDetailTooltip.Encounter.Value4,Value 4,自定义属性4
CSFFCardDetailTooltip.Encounter.UntilEncounterEnds,Until encounter ends,直至遭遇结束
CSFFCardDetailTooltip.Encounter.Rounds,rounds,回合
CSFFCardDetailTooltip.Encounter.TemporaryEffect,Temporary effect,临时效果
CSFFCardDetailTooltip.Encounter.SubActionDuration,Sub-action: duration reduced by one immediately,次要行动：持续时间立即减少一回合
CSFFCardDetailTooltip.Encounter.RefreshDuration,Refreshes duration; does not stack values,刷新持续时间（数值不叠加）
CSFFCardDetailTooltip.Encounter.PlayerCombat,Player combat modifiers,玩家战斗修正
CSFFCardDetailTooltip.Encounter.AllWeapons,All weapons,所有武器
CSFFCardDetailTooltip.Encounter.EscapeOnly,Escape actions only,仅逃跑行动
CSFFCardDetailTooltip.Encounter.InitialClashValueModifier,Clash power,对抗强度
CSFFCardDetailTooltip.Encounter.ReachModifier,Reach,攻击距离
CSFFCardDetailTooltip.Encounter.ClashStealthBonusModifier,Stealth clash bonus,潜行对抗加成
CSFFCardDetailTooltip.Encounter.ClashIneffectiveRangeMalusModifier,Ineffective range clash modifier,无效距离对抗修正
CSFFCardDetailTooltip.Encounter.ClashRangedInaccuracyModifier,Ranged inaccuracy,远程不精准度
CSFFCardDetailTooltip.Encounter.ClashVsEscapeModifier,Clash versus escape,对逃跑目标的对抗修正
CSFFCardDetailTooltip.Encounter.WrestlingClashBonusModifier,Wrestling clash bonus,缠斗对抗加成
CSFFCardDetailTooltip.Encounter.ClashVsVulnerableModifier,Clash versus vulnerable,对暴露破绽目标的对抗修正
CSFFCardDetailTooltip.Encounter.DmgVsVulnerableModifier,Damage versus vulnerable,对暴露破绽目标的伤害修正
CSFFCardDetailTooltip.Encounter.InitialDamageModifier,Damage,伤害
CSFFCardDetailTooltip.Encounter.WrestlingDamageBonusModifier,Wrestling damage,缠斗伤害
CSFFCardDetailTooltip.Encounter.DamageVsEscapeModifier,Damage versus escape,对逃跑目标的伤害修正
CSFFCardDetailTooltip.Encounter.CannotFail,Action clash cannot fail,本次行动对抗必定成功
CSFFCardDetailTooltip.NPC.BeforeNovelty,before repetition and stat limits,未计入重复行动衰减与属性上下限
CSFFCardDetailTooltip.NPC.BeforeLimits,before stat limits,未计入属性上下限
CSFFCardDetailTooltip.NPC.EnableDuty,Enable duty,启用职责
CSFFCardDetailTooltip.NPC.DisableDuty,Disable duty,停用职责
CSFFCardDetailTooltip.NPC.Worker,Worker,执行者
CSFFCardDetailTooltip.NPC.CurrentDuty,Current duty,当前职责
CSFFCardDetailTooltip.NPC.DutyStep,Duty step,职责步骤
CSFFCardDetailTooltip.NPC.StepTicks,Current step: remaining ticks,当前步骤剩余时间单位
CSFFCardDetailTooltip.NPC.Destination,Destination,目的地
CSFFCardDetailTooltip.NPC.LastDutyCheck,Last duty check,上次职责检查
CSFFCardDetailTooltip.NPC.SelectedWork,Selected work,已选定的工作
CSFFCardDetailTooltip.NPC.WorkDrops,Selected work outcomes (quantities are samples),已选定工作的可能产出（数量为抽样值）
CSFFCardDetailTooltip.NPC.WrongTime,outside allowed time,不在允许时段
CSFFCardDetailTooltip.NPC.NeedsHome,must be at home,需要在家中
CSFFCardDetailTooltip.NPC.Hidden,cannot work while hidden,藏匿时无法执行
CSFFCardDetailTooltip.NPC.DailyLimit,daily limit reached,已达每日次数上限
CSFFCardDetailTooltip.NPC.DutyConditions,duty requirements unmet,职责条件未满足
CSFFCardDetailTooltip.NPC.ActionRequirements,required action or material conditions unmet,所需行动或材料条件未满足
CSFFCardDetailTooltip.NPC.SelectionCancelled,selection excluded,已被职责选择规则排除
CSFFCardDetailTooltip.NPC.InDialog,busy in dialogue,正在对话
